{
  "cars": [
    {
      "id": 1,
      "name": "Subaru Levorg",
      "year": "2014",
      "mileage": "122 000",
      "fuel": "Бензин",
      "engine": "1.6",
      "transmission": "Акпп",
      "drive": "2wd",
      "points": "4",
      "averagePrice": "1 800 000",
      "price": "1 490 000",
      "imagesCount": 5
    },
    {
      "id": 2,
      "name": "Toyota Corolla Filder",
      "year": "2013",
      "mileage": "110 000",
      "fuel": "Бензин",
      "engine": "1.5",
      "transmission": "Механика",
      "drive": "2wd",
      "points": "4",
      "averagePrice": "1 300 000",
      "price": "990 000",
      "imagesCount": 6
    },
    {
      "id": 3,
      "name": "Honda Vezel",
      "year": "2020",
      "mileage": "31 000",
      "fuel": "Бензин",
      "engine": "1.5",
      "transmission": "Акпп",
      "drive": "4wd",
      "points": "4.5",
      "averagePrice": "2 300 000",
      "price": "2 050 000",
      "imagesCount": 5
    },
    {
      "id": 4,
      "name": "Mazda Axela",
      "year": "2012",
      "mileage": "85 000",
      "fuel": "Бензин",
      "engine": "1.5",
      "transmission": "Акпп",
      "drive": "2wd",
      "points": "3.5",
      "averagePrice": "1 200 000",
      "price": "890 000",
      "imagesCount": 7
    },
    {
      "id": 5,
      "name": "Honda Stepwgn",
      "year": "2020",
      "mileage": "45 000",
      "fuel": "Бензин",
      "engine": "1.5",
      "transmission": "Акпп",
      "drive": "4wd",
      "points": "4.5",
      "averagePrice": "2 700 000",
      "price": "2 300 000",
      "imagesCount": 5
    },
    {
      "id": 6,
      "name": "Lexus GS300h",
      "year": "2017",
      "mileage": "50 000",
      "fuel": "Гибрид",
      "engine": "2.5",
      "transmission": "Акпп",
      "drive": "2wd",
      "points": "4",
      "averagePrice": "3 500 000",
      "price": "2 800 000",
      "imagesCount": 7
    },
    {
      "id": 7,
      "name": "Toyota RAV4",
      "year": "2020",
      "mileage": "25 000",
      "fuel": "Бензин",
      "engine": "2.0",
      "transmission": "Акпп",
      "drive": "4wd",
      "points": "5",
      "averagePrice": "3 500 000",
      "price": "2 900 000",
      "imagesCount": 5
    },
    {
      "id": 8,
      "name": "Mersedes CLA",
      "year": "2015",
      "mileage": "85 000",
      "fuel": "Бензин",
      "engine": "1.6",
      "transmission": "Робот",
      "drive": "2wd",
      "points": "4",
      "averagePrice": "2 000 000",
      "price": "1 550 000",
      "imagesCount": 6
    }
  ]
}